1,100000,550
2,100000,500
3,100000,500
4,100000,800
5,100000,800
6,100000,500
7,100000,1100
8,100000,1100
9,100000,800
10,100000,500
11,100000,800
12,100000,1500
13,100000,1600
14,100000,850
15,100000,800
16,100000,600
17,100000,600
18,100000,850
19,100000,1000
20,100000,750
21,100000,600
22,100000,600
23,100000,1100
24,100000,600
25,100000,1400
26,100000,800
27,100000,1000
28,100000,650
29,100000,500
30,100000,1200
31,100000,2300
32,100000,1100
33,100000,500
34,100000,500
35,100000,500
36,100000,800
37,100000,800
38,100000,700
39,100000,600
40,100000,720
41,100000,920
42,100000,850
43,100000,550
44,100000,800
45,100000,1500
46,100000,1010
47,100000,850
48,100000,1400
49,100000,1500
50,100000,500
51,100000,800
52,100000,500
53,100000,2000
54,100000,1200
55,100000,500
56,100000,1200
57,100000,800
58,100000,1500
59,100000,800
60,100000,500
61,100000,660
62,100000,2450
63,100000,600
64,100000,500
65,100000,600
66,100000,500
67,100000,1200
68,100000,600
69,100000,1460
70,100000,850
71,100000,800
72,100000,600
73,100000,600
74,100000,550
75,100000,550
76,100000,1300
77,100000,920
78,100000,600
79,100000,800
80,100000,700
81,100000,600
82,100000,900
83,100000,500
84,100000,1500
85,100000,2000
86,100000,500
87,100000,670
88,100000,500
89,100000,580
90,100000,730
91,100000,540
92,100000,620
93,100000,1200
94,100000,850
95,100000,630
96,100000,500
97,100000,1000
98,100000,900
99,100000,910
100,100000,1200
101,100000,1100
102,100000,1750
103,100000,2540
104,100000,1600
105,100000,850
106,100000,500
107,100000,600
108,100000,800
109,100000,600
110,100000,550
111,100000,550
112,100000,500
113,100000,600
114,100000,2800
115,100000,1100
116,100000,850
117,100000,800
118,100000,2300
119,100000,600
120,100000,600
121,100000,1400
122,100000,500
123,100000,600
124,100000,2550
125,100000,700
126,100000,550
127,100000,600
128,100000,600
129,100000,2050
130,100000,2220
131,100000,700
132,100000,610
133,100000,800
134,100000,600
135,100000,500
136,100000,500
137,100000,800
138,100000,600
139,100000,800
140,100000,700
141,100000,700
142,100000,500
143,100000,1600
144,100000,500
145,100000,500
146,100000,550
147,100000,850
148,100000,750
149,100000,500
150,100000,800
151,100000,1600
152,100000,600
153,100000,550
154,100000,2000
155,100000,580
156,100000,880
157,100000,500
158,100000,1100
159,100000,500
160,100000,750
161,100000,550
162,100000,900
163,100000,700
164,100000,600
165,100000,500
166,100000,560
167,100000,850
168,100000,2000
169,100000,800
170,100000,940
171,100000,600
172,100000,750
173,100000,2000
174,100000,1000
175,100000,2000
176,100000,750
177,100000,500
178,100000,850
179,100000,700
180,100000,500
181,100000,600
182,100000,1100
183,100000,550
184,100000,1160
185,100000,850
186,100000,500
187,100000,500
188,100000,1400
189,100000,600
190,100000,600
191,100000,600
192,100000,800
193,100000,1100
194,100000,550
195,100000,600
196,100000,500
197,100000,600
198,100000,880
199,100000,600
200,100000,2200
201,100000,500
202,100000,1500
203,100000,500
204,100000,1750
205,100000,750
206,100000,600
207,100000,2000
208,100000,500
209,100000,900
210,100000,500
211,100000,720
212,100000,1100
213,100000,840
214,100000,1100
215,100000,600
216,100000,500
217,100000,1600
218,100000,550
219,100000,800
220,100000,500
221,100000,500
222,100000,700
223,100000,600
224,100000,2250
225,100000,500
226,100000,700
227,100000,550
228,100000,2000
229,100000,650
230,100000,1100
231,100000,1820
232,100000,800
233,100000,1100
234,100000,1280
235,100000,800
236,100000,1100
237,100000,2000
238,100000,600
239,100000,1600
240,100000,850
241,100000,1200
242,100000,800
243,100000,1750
244,100000,500
245,100000,550
246,100000,2300
247,100000,800
248,100000,550
249,100000,1200
250,100000,800
251,100000,1500
252,100000,500
253,100000,500
254,100000,1100
255,100000,850
256,100000,850
257,100000,2800
258,100000,800
259,100000,1100
260,100000,600
261,100000,600
262,100000,800
263,100000,500
264,100000,1100
265,100000,600
266,100000,1800
267,100000,500
268,100000,800
269,100000,500
270,100000,600
271,100000,800
272,100000,500
273,100000,500
274,100000,500
275,100000,800
276,100000,500
277,100000,1400
278,100000,550
279,100000,550
280,100000,800
281,100000,1500
282,100000,800
283,100000,750
284,100000,750
285,100000,800
286,100000,500
287,100000,530
288,100000,550
289,100000,2000
290,100000,550
291,100000,1400
292,100000,600
293,100000,600
294,100000,600
295,100000,800
296,100000,600
297,100000,700
298,100000,800
299,100000,2000
300,100000,500
301,100000,600
302,100000,1400
303,100000,600
304,100000,500
305,100000,600
306,100000,1600
307,100000,600
308,100000,1200
309,100000,500
310,100000,800
311,100000,500
312,100000,600
313,100000,500
314,100000,1200
315,100000,800
316,100000,1400
317,100000,580
318,100000,700
319,100000,800
320,100000,500
321,100000,1180
322,100000,500
323,100000,790
324,100000,500
325,100000,700
326,100000,750
327,100000,600
328,100000,600
329,100000,600
330,100000,500
331,100000,2000
332,100000,500
333,100000,1100
334,100000,500
335,100000,1300
336,100000,800
337,100000,800
338,100000,1150
339,100000,1400
340,100000,750
341,100000,2300
342,100000,800
343,100000,2000
344,100000,600
345,100000,800
346,100000,850
347,100000,650
348,100000,500
349,100000,2000
350,100000,600
351,100000,660
352,100000,1200
353,100000,850
354,100000,800
355,100000,1200
356,100000,600
357,100000,1000
358,100000,600
359,100000,1120
360,100000,500
361,100000,600
362,100000,700
363,100000,1250
364,100000,900
365,100000,500
366,100000,1150
367,100000,600
368,100000,2000
369,100000,1500
370,100000,500
371,100000,800
372,100000,600
373,100000,550
374,100000,850
375,100000,500
376,100000,850
377,100000,700
378,100000,700
379,100000,1400
380,100000,800
381,100000,1060
382,100000,600
383,100000,500
384,100000,500
385,100000,2260
386,100000,1200
387,100000,550
388,100000,500
389,100000,600
390,100000,1400
391,100000,600
392,100000,700
393,100000,700
394,100000,500
395,100000,1100
396,100000,700
397,100000,1600
398,100000,1100
399,100000,600
400,100000,1200
401,100000,800
402,100000,500
403,100000,500
404,100000,800
405,100000,540
406,100000,800
407,100000,1600
408,100000,500
409,100000,2800
410,100000,1450
411,100000,1400
412,100000,600
413,2926912,3800
414,100000,2200
415,100000,550
416,100000,850
417,100000,500
418,100000,850
419,100000,600
420,100000,800
421,100000,500
422,2926912,4800
423,100000,850
424,100000,700
425,100000,500
426,100000,500
427,100000,700
428,100000,1100
429,100000,500
430,100000,1000
431,100000,600
432,100000,500
433,100000,700
434,100000,550
435,100000,550
436,100000,500
437,100000,1600
438,100000,600
439,100000,500
440,100000,1300
441,100000,600
442,100000,1460
443,100000,600
444,100000,500
445,100000,850
446,100000,1600
447,100000,850
448,100000,1100
449,100000,600
450,100000,2300
451,100000,750
452,100000,550
453,100000,850
454,100000,500
455,100000,500
456,100000,750
457,100000,1200
458,100000,500
459,100000,550
460,100000,750
461,100000,1000
462,100000,500
463,100000,600
464,100000,600
465,100000,600
466,100000,1600
467,100000,500
468,100000,500
469,100000,2000
470,100000,1100
471,100000,600
472,100000,550
473,100000,600
474,100000,2300
475,100000,2000
476,100000,500
477,100000,900
478,100000,550
479,100000,600
480,100000,540
481,100000,800
482,100000,500
483,100000,500
484,100000,1050
485,100000,800
486,100000,2600
487,100000,800
488,100000,550
489,100000,1000
490,100000,550
491,100000,800
492,100000,500
493,100000,600
494,100000,500
495,100000,500
496,100000,2000
497,100000,850
498,100000,800
499,100000,2000
500,100000,920
501,100000,500
502,100000,1000
503,100000,550
504,100000,500
505,100000,600
506,100000,830
507,100000,750
508,100000,800
509,100000,1400
510,100000,930
511,100000,950
512,100000,1500
513,100000,500
514,100000,1970
515,100000,500
516,100000,750
517,100000,1000
518,100000,900
519,100000,850
520,100000,500
521,100000,800
522,100000,1200
523,100000,600
524,100000,600
525,100000,600
526,100000,500
527,100000,550
528,100000,850
529,100000,800
530,100000,500
531,100000,800
532,100000,1100
533,100000,540
534,100000,750
535,100000,1600
536,100000,600
537,100000,800
538,100000,550
539,100000,600
540,100000,2000
541,100000,600
542,100000,800
543,100000,600
544,100000,600
545,100000,920
546,100000,1250
547,100000,800
548,100000,700
549,100000,2100
550,100000,2500
551,100000,500
552,100000,500
553,100000,1100
554,100000,800
555,100000,750
556,100000,550
557,100000,1000
558,100000,600
559,100000,500
560,100000,1700
561,100000,700
562,100000,600
563,100000,600
564,100000,500
565,100000,600
566,100000,500
567,100000,600
568,100000,660
569,100000,600
570,100000,550
571,100000,850
572,100000,820
573,100000,680
574,100000,600
575,100000,1000
576,100000,800
577,100000,500
578,100000,1400
579,100000,1400
580,100000,500
581,100000,540
582,100000,850
583,100000,1750
584,100000,800
585,100000,1100
586,100000,600
587,100000,800
588,100000,600
589,100000,850
590,100000,600
591,100000,600
592,100000,600
593,100000,550
594,100000,800
595,100000,500
596,100000,550
597,100000,1500
598,100000,850
599,100000,1200
600,100000,500
601,100000,800
602,100000,1100
603,100000,500
604,100000,600
605,100000,1300
606,100000,600
607,100000,500
608,100000,500
609,100000,1300
610,100000,800
611,100000,1200
612,100000,580
613,100000,800
614,100000,660
615,100000,600
616,100000,1400
617,100000,1500
618,100000,850
619,100000,2300
620,100000,1100
621,100000,800
622,100000,920
623,100000,500
624,100000,500
625,100000,600
626,100000,600
627,100000,550
628,100000,660
629,100000,800
630,100000,700
631,100000,660
632,100000,1000
633,100000,1500
634,100000,750
635,100000,500
636,100000,600
637,100000,600
638,100000,800
639,100000,600
640,100000,1120
641,100000,600
642,100000,600
643,100000,520
644,2926912,4600
645,100000,800
646,100000,1100
647,100000,600
648,100000,1100
649,100000,800
650,100000,800
651,100000,500
652,100000,700
653,100000,720
654,100000,700
655,100000,1100
656,100000,600
657,100000,1100
658,100000,600
659,100000,600
660,100000,750
661,100000,600
662,100000,600
663,100000,1150
664,100000,1300
665,100000,2000
666,100000,500
667,100000,600
668,100000,600
669,100000,1080
670,100000,1750
671,100000,2300
672,100000,800
673,100000,1200
674,100000,850
675,100000,750
676,100000,800
677,100000,500
678,100000,1100
679,100000,1000
680,100000,500
681,100000,800
682,100000,500
683,100000,500
684,100000,600
685,100000,550
686,100000,800
687,100000,1100
688,100000,1000
689,100000,600
690,100000,500
691,100000,550
692,100000,1750
693,100000,2200
694,100000,850
695,100000,600
696,100000,500
697,100000,1750
698,100000,620
699,100000,500
700,100000,580
701,100000,600
702,100000,500
703,100000,1100
704,100000,850
705,100000,1100
706,100000,1100
707,100000,850
708,100000,700
709,100000,800
710,100000,600
711,100000,850
712,100000,600
713,100000,2300
714,100000,600
715,100000,800
716,100000,500
717,100000,1500
718,100000,1100
719,100000,600
720,100000,1100
721,100000,1000
722,100000,850
723,100000,500
724,100000,500
725,100000,2800
726,100000,1750
727,100000,600
728,100000,500
729,100000,1200
730,100000,1800
731,100000,1200
732,100000,650
733,100000,500
734,100000,600
735,100000,800
736,100000,850
737,100000,600
738,100000,500
739,100000,1400
740,100000,750
741,100000,1350
742,100000,500
743,100000,500
744,100000,600
745,100000,800
746,100000,600
747,100000,600
748,100000,1100
749,100000,600
750,100000,550
751,100000,500
752,100000,500
753,100000,920
754,100000,800
755,100000,650
756,100000,900
757,100000,700
758,100000,880
759,100000,600
760,100000,1230
761,100000,850
762,100000,500
763,100000,800
764,100000,600
765,100000,600
766,100000,2000
767,100000,600
768,100000,1500
769,100000,500
770,100000,1300
771,100000,500
772,100000,600
773,100000,500
774,100000,600
775,100000,600
776,100000,700
777,100000,600
778,100000,550
779,100000,2300
780,100000,600
781,100000,2000
782,100000,1200
783,100000,500
784,100000,700
785,100000,600
786,100000,800
787,100000,500
788,100000,1600
789,100000,800
790,100000,700
791,100000,500
792,100000,850
793,100000,850
794,100000,500
795,100000,500
796,100000,1650
797,100000,1000
798,100000,500
799,100000,600
800,100000,600
801,100000,800
802,100000,1200
803,2926912,3050
804,100000,600
805,100000,800
806,100000,1100
807,100000,600
808,100000,800
809,100000,850
810,100000,2300
811,100000,1100
812,100000,550
813,100000,2000
814,100000,800
815,100000,600
816,100000,550
817,100000,1810
818,100000,720
819,100000,800
820,100000,500
821,100000,800
822,100000,600
823,100000,700
824,100000,500
825,100000,850
826,100000,600
827,100000,2150
828,100000,500
829,100000,850
830,100000,850
831,100000,900
832,100000,600
833,100000,1000
834,100000,750
835,100000,800
836,100000,1600
837,100000,850
838,100000,560
839,100000,950
840,100000,500
841,100000,700
842,100000,520
843,100000,800
844,100000,800
845,100000,620
846,100000,1200
847,100000,500
848,100000,1100
849,100000,500
850,100000,1100
851,100000,600
852,100000,550
853,100000,800
854,100000,500
855,100000,1100
856,100000,500
857,100000,500
858,100000,600
859,100000,1350
860,100000,800
861,100000,550
862,100000,1950
863,100000,600
864,100000,600
865,100000,550
866,100000,600
867,100000,1100
868,100000,700
869,100000,700
870,100000,1200
871,100000,620
872,100000,800
873,100000,800
874,100000,600
875,100000,600
876,100000,500
877,100000,560
878,100000,600
879,100000,850
880,100000,600
881,100000,1500
882,100000,850
883,100000,800
884,100000,850
885,100000,1200
886,100000,850
887,100000,600
888,100000,950
889,100000,1500
890,100000,800
891,100000,1720
892,100000,540
893,100000,500
894,100000,500
895,100000,1000
896,100000,500
897,100000,600
898,100000,500
899,100000,600
900,100000,500
901,100000,700
902,100000,1600
903,100000,800
904,100000,500
905,100000,540
906,100000,1150
907,100000,500
908,2926912,3000
909,100000,500
910,100000,1500
911,100000,600
912,100000,1100
913,100000,1160
914,100000,600
915,100000,1500
916,100000,550
917,100000,800
918,100000,550
919,100000,1000
920,100000,1200
921,100000,1000
922,100000,1400
923,100000,500
924,100000,850
925,100000,700
926,100000,850
927,100000,1500
928,100000,800
929,100000,800
930,100000,1100
931,100000,500
932,100000,920
933,100000,500
934,100000,1200
935,100000,800
936,100000,600
937,100000,850
938,100000,600
939,100000,800
940,100000,850
941,100000,2300
942,100000,600
943,100000,800
944,100000,1100
945,100000,1600
946,100000,800
947,100000,860
948,100000,550
949,100000,500
950,100000,800
951,100000,800
952,100000,600
953,100000,2000
954,100000,500
955,100000,900
956,100000,600
957,100000,850
958,100000,800
959,100000,500
960,100000,500
961,100000,600
962,100000,800
963,100000,800
964,100000,2250
965,100000,500
966,100000,800
967,100000,500
968,100000,800
969,100000,1430
970,100000,1200
971,100000,800
972,100000,1500
973,100000,1400
974,100000,1100
975,100000,2000
976,100000,550
977,100000,500
978,100000,970
979,100000,900
980,100000,600
981,100000,600
982,100000,1000
983,100000,500
984,100000,1100
985,100000,700
986,100000,800
987,100000,800
988,100000,600
989,100000,2000
990,100000,500
991,100000,1400
992,100000,550
993,100000,850
994,100000,1800
995,100000,600
996,100000,1050
997,100000,500
998,100000,600
999,100000,1450
1000,100000,800
1001,100000,1200
1002,100000,900
1003,100000,600
1004,100000,1850
1005,100000,850
1006,100000,1200
1007,100000,600
1008,100000,1100
1009,100000,1100
1010,100000,500
1011,100000,750
1012,100000,600
1013,100000,1200
1014,100000,500
1015,100000,600
1016,100000,700
1017,100000,1200
1018,100000,750
1019,100000,600
1020,100000,1100
1021,100000,700
1022,100000,700
1023,100000,700
1024,100000,600
1025,100000,800
1026,100000,800
1027,100000,2300
1028,100000,700
1029,100000,500
1030,100000,500
1031,100000,1100
1032,100000,1200
1033,100000,1320
1034,100000,1250
1035,100000,700
1036,100000,1680
1037,100000,1600
1038,100000,500
1039,100000,1500
1040,100000,1040
1041,100000,500
1042,100000,600
1043,100000,600
1044,100000,600
1045,100000,600
1046,100000,2000
1047,100000,800
1048,2926912,3000
1049,100000,500
1050,100000,500
1051,100000,800
1052,100000,600
1053,100000,1100
1054,100000,750
1055,100000,1100
1056,100000,600
1057,100000,500
1058,100000,600
1059,100000,750
1060,100000,800
1061,100000,1200
1062,100000,800
1063,100000,850
1064,100000,900
1065,100000,800
1066,100000,850
1067,100000,600
1068,100000,600
1069,100000,1050
1070,100000,700
1071,100000,550
1072,100000,500
1073,100000,600
1074,100000,600
1075,100000,500
1076,100000,660
1077,100000,800
1078,100000,2800
1079,100000,800
1080,100000,650
1081,100000,650
1082,100000,850
1083,100000,600
1084,100000,950
1085,100000,800
1086,100000,1100
1087,100000,550
1088,100000,1150
1089,100000,530
1090,100000,2300
1091,100000,500
1092,100000,800
1093,100000,600
1094,100000,500
1095,100000,550
1096,100000,700
1097,100000,2000
1098,100000,600
1099,100000,600
1100,100000,500
1101,100000,1000
1102,100000,1100
1103,100000,800
1104,100000,500
1105,100000,500
1106,100000,500
1107,100000,700
1108,100000,650
1109,100000,600
1110,100000,660
1111,100000,600
1112,100000,2150
1113,100000,800
1114,100000,1500
1115,100000,800
1116,100000,600
1117,100000,600
1118,100000,700
1119,100000,1050
1120,100000,540
1121,100000,2000
1122,100000,500
1123,100000,1400
1124,100000,1200
1125,100000,2000
1126,100000,500
1127,100000,550
1128,100000,600
1129,100000,1100
1130,100000,780
1131,100000,500
1132,100000,800
1133,100000,950
1134,100000,600
1135,100000,850
1136,100000,1750
1137,100000,720
1138,100000,800
1139,100000,500
1140,100000,550
1141,100000,1200
1142,100000,600
1143,100000,550
1144,100000,500
1145,100000,600
1146,100000,800
1147,100000,600
1148,100000,700
1149,100000,800
1150,100000,1850
1151,100000,800
1152,100000,550
1153,100000,1050
1154,100000,550
1155,100000,700
1156,100000,550
1157,100000,1950
1158,100000,600
1159,100000,1100
1160,100000,1500
1161,100000,1100
1162,100000,500
1163,100000,540
1164,100000,800
1165,100000,500
1166,100000,1000
1167,100000,900
1168,100000,660
1169,100000,800
1170,100000,800
1171,100000,600
1172,100000,550
1173,100000,1100
1174,100000,600
1175,100000,600
1176,100000,2300
1177,100000,500
1178,100000,500
1179,100000,500
1180,100000,600
1181,100000,700
1182,100000,500
1183,100000,1400
1184,100000,1200
1185,100000,800
1186,100000,600
1187,100000,500
1188,100000,2000
1189,100000,920
1190,100000,500
1191,100000,600
1192,100000,1200
1193,100000,600
1194,100000,2800
1195,100000,600
1196,100000,650
1197,100000,500
1198,100000,500
1199,100000,1600
1200,100000,800
1201,100000,1350
1202,100000,500
1203,100000,2000
1204,100000,800
1205,100000,1600
1206,100000,500
1207,100000,1200
1208,100000,540
1209,100000,600
1210,100000,900
1211,100000,800
1212,100000,1200
1213,100000,600
1214,100000,700
1215,100000,600
1216,100000,700
1217,100000,600
1218,100000,600
1219,100000,500
1220,100000,500
1221,100000,1100
1222,100000,600
1223,100000,600
1224,100000,500
1225,100000,1500
1226,100000,910
1227,100000,500
1228,100000,700
1229,100000,650
1230,100000,800
1231,100000,600
1232,100000,640
1233,100000,600
1234,100000,600
1235,100000,800
1236,100000,540
1237,100000,600
1238,100000,1100
1239,100000,700
1240,100000,750
1241,100000,600
1242,100000,720
1243,100000,640
1244,100000,550
1245,100000,850
1246,100000,600
1247,100000,600
1248,100000,2300
1249,100000,800
1250,100000,1100
1251,100000,500
1252,100000,550
1253,100000,800
1254,100000,800
1255,100000,920
1256,100000,800
1257,100000,500
1258,100000,750
1259,100000,2550
1260,100000,600
1261,100000,600
1262,100000,550
1263,100000,600
1264,100000,540
1265,100000,1200
1266,100000,1400
1267,100000,1100
1268,100000,700
1269,100000,600
1270,100000,2000
1271,100000,950
1272,100000,500
1273,100000,500
1274,100000,500
1275,100000,1100
1276,100000,600
1277,100000,600
1278,2926912,4850
1279,100000,850
1280,100000,1200
1281,100000,850
1282,100000,600
1283,100000,850
1284,100000,1100
1285,100000,1000
1286,100000,1500
1287,100000,500
1288,100000,500
1289,100000,800
1290,100000,1000
1291,100000,600
1292,100000,1700
1293,100000,1150
1294,100000,2300
1295,100000,1100
1296,100000,1100
1297,100000,540
1298,100000,500
1299,100000,500
1300,100000,500
1301,100000,800
1302,100000,600
1303,100000,800
1304,100000,600
1305,100000,1010
1306,100000,2000
1307,100000,2600
1308,100000,850
1309,100000,500
1310,100000,1650
1311,100000,500
1312,100000,600
1313,100000,650
1314,100000,950
1315,100000,800
1316,100000,620
1317,100000,500
1318,100000,840
1319,100000,600
1320,100000,600
1321,100000,600
1322,100000,600
1323,100000,2120
1324,100000,600
1325,100000,500
1326,100000,800
1327,100000,800
1328,100000,760
1329,100000,600
1330,100000,1200
1331,100000,600
1332,100000,800
1333,100000,800
1334,100000,600
1335,100000,950
1336,100000,550
1337,100000,600
1338,100000,2000
1339,100000,800
1340,100000,500
1341,100000,1100
1342,100000,600
1343,100000,1100
1344,100000,520
1345,100000,850
1346,100000,1160
1347,100000,1050
1348,100000,500
1349,100000,1000
1350,100000,900
1351,100000,1200
1352,100000,600
1353,100000,800
1354,100000,600
1355,100000,700
1356,100000,600
1357,100000,600
1358,100000,850
1359,100000,600
1360,100000,800
1361,100000,600
1362,100000,920
1363,100000,800
1364,100000,500
1365,100000,600
1366,100000,600
1367,100000,600
1368,100000,600
1369,100000,600
1370,100000,650
1371,100000,800
1372,100000,800
1373,100000,600
1374,100000,600
1375,100000,800
1376,100000,500
1377,100000,850
1378,100000,1200
1379,100000,700
1380,100000,700
1381,100000,600
1382,100000,700
1383,100000,600
1384,100000,600
1385,100000,1100
1386,100000,1500
1387,100000,1100
1388,100000,850
1389,2926912,3000
1390,100000,600
1391,100000,500
1392,100000,1100
1393,100000,1600
1394,100000,850
1395,100000,950
1396,100000,2350
1397,100000,530
1398,100000,530
1399,100000,2000
1400,100000,900
1401,100000,500
1402,100000,600
1403,100000,600
1404,100000,800
1405,100000,500
1406,100000,750
1407,100000,800
1408,100000,2000
1409,100000,550
1410,100000,850
1411,100000,600
1412,100000,600
1413,100000,850
1414,100000,1500
1415,100000,600
1416,100000,1450
1417,100000,600
1418,100000,800
1419,100000,800
1420,100000,1600
1421,100000,1340
1422,100000,520
1423,100000,1660
1424,100000,850
1425,100000,500
1426,100000,630
1427,100000,1500
1428,100000,600
1429,100000,800
1430,100000,1300
1431,100000,500
1432,100000,2000
1433,100000,500
1434,100000,770
1435,100000,500
1436,100000,850
1437,100000,2300
1438,100000,800
1439,100000,1200
1440,100000,500
1441,100000,900
1442,100000,800
1443,100000,500
1444,100000,800
1445,100000,1400
1446,100000,800
1447,100000,600
1448,100000,600
1449,100000,600
1450,100000,750
1451,100000,550
1452,100000,750
1453,100000,550
1454,100000,600
1455,100000,600
1456,100000,800
1457,100000,1100
1458,100000,800
1459,100000,560
1460,100000,500
1461,100000,2000
1462,100000,500
1463,100000,1100
1464,100000,500
1465,100000,2300
1466,100000,600
1467,100000,950
1468,100000,630
1469,100000,800
1470,100000,1100
1471,100000,800
1472,100000,1000
1473,100000,700
1474,100000,800
1475,100000,1200
1476,100000,550
1477,100000,500
1478,100000,800
1479,100000,500
1480,100000,850
1481,100000,500
1482,100000,850
1483,100000,2340
1484,100000,1750
1485,100000,1100
1486,100000,950
1487,100000,800
1488,100000,600
1489,100000,1230
1490,100000,680
1491,100000,600
1492,100000,800
1493,100000,2450
1494,100000,1750
1495,100000,800
1496,100000,800
1497,100000,600
1498,100000,1100
1499,100000,500
1500,100000,1000
1501,100000,550
1502,100000,1100
1503,100000,500
1504,100000,700
1505,100000,800
1506,100000,800
1507,100000,1600
1508,100000,800
1509,100000,600
1510,100000,600
1511,100000,600
1512,100000,600
1513,100000,540
1514,100000,500
1515,100000,800
1516,100000,600
1517,100000,560
1518,100000,600
1519,100000,1100
1520,100000,500
1521,100000,600
1522,100000,800
1523,100000,600
1524,100000,600
1525,100000,650
1526,100000,700
1527,100000,800
1528,100000,550
1529,100000,1000
1530,100000,850
1531,100000,750
1532,100000,760
1533,100000,600
1534,100000,1100
1535,100000,500
1536,100000,1860
1537,100000,2350
1538,100000,800
1539,100000,1100
1540,100000,500
1541,100000,550
1542,100000,500
1543,100000,500
1544,100000,850
1545,100000,600
1546,100000,540
1547,100000,610
1548,100000,1150
1549,100000,1100
1550,100000,600
1551,100000,2000
1552,100000,2400
1553,100000,1400
1554,100000,1050
1555,100000,1600
1556,100000,1150
1557,100000,600
1558,100000,1250
1559,100000,600
1560,100000,600
1561,100000,1220
1562,100000,800
1563,100000,500
1564,100000,550
1565,100000,500
1566,100000,500
1567,100000,1200
1568,100000,850
1569,100000,700
1570,100000,800
1571,100000,600
1572,100000,550
1573,100000,2000
1574,100000,600
1575,100000,950
1576,100000,500
1577,100000,850
1578,100000,500
1579,100000,600
1580,100000,2300
1581,100000,1400
1582,100000,580
1583,100000,600
1584,100000,1600
1585,100000,2300
1586,100000,500
1587,100000,1600
1588,100000,600
1589,100000,1200
1590,100000,600
1591,100000,550
1592,100000,1000
1593,100000,650
1594,100000,2000
1595,100000,500
1596,100000,1100
1597,100000,1150
1598,100000,1200
1599,100000,600
1600,100000,1100
1601,100000,820
1602,100000,500
1603,100000,800
1604,100000,550
1605,100000,500
1606,100000,900
1607,100000,800
1608,100000,600
1609,100000,700
1610,100000,500
1611,100000,600
1612,100000,1200
1613,100000,800
1614,100000,600
1615,100000,880
1616,100000,800
1617,100000,600
1618,100000,800
1619,100000,600
1620,100000,600
1621,100000,600
1622,100000,600
1623,100000,600
1624,100000,600
1625,100000,540
1626,100000,600
1627,100000,600
1628,100000,550
1629,100000,600
1630,100000,500
1631,100000,1750
1632,100000,600
1633,100000,1100
1634,100000,600
1635,100000,500
1636,100000,1050
1637,100000,750
1638,100000,700
1639,100000,600
1640,100000,1100
1641,100000,600
1642,100000,600
1643,100000,600
1644,100000,500
1645,100000,600
1646,100000,600
1647,100000,900
1648,100000,800
1649,100000,850
1650,100000,550
1651,100000,540
1652,100000,600
1653,100000,680
1654,100000,750
1655,100000,550
1656,100000,850
1657,100000,2420
1658,100000,600
1659,100000,500
1660,100000,700
1661,100000,500
1662,100000,500
1663,100000,600
1664,100000,1200
1665,100000,920
1666,2926912,5600
1667,100000,700
1668,100000,600
1669,100000,550
1670,100000,1500
1671,100000,600
1672,100000,800
1673,100000,600
1674,100000,600
1675,100000,500
1676,100000,600
1677,100000,500
1678,100000,550
1679,100000,600
1680,100000,600
1681,100000,600
1682,100000,500
1683,100000,500
1684,100000,670
1685,100000,800
1686,100000,1100
1687,100000,600
1688,100000,700
1689,100000,500
1690,100000,500
1691,100000,700
1692,100000,550
1693,100000,1020
1694,100000,600
1695,100000,800
1696,100000,800
1697,100000,920
1698,100000,950
1699,100000,500
1700,100000,800
1701,100000,600
1702,100000,500
1703,100000,850
1704,100000,800
1705,100000,500
1706,100000,540
1707,100000,720
1708,100000,2200
1709,100000,600
1710,100000,500
1711,100000,1050
1712,100000,2000
1713,100000,1520
1714,100000,580
1715,100000,850
1716,100000,1200
1717,100000,800
1718,100000,600
1719,100000,650
1720,100000,600
1721,100000,1100
1722,100000,950
1723,100000,1600
1724,100000,670
1725,100000,500
1726,100000,600
1727,100000,600
1728,100000,500
1729,100000,500
1730,100000,500
1731,100000,800
1732,100000,1700
1733,100000,670
1734,100000,1160
1735,100000,600
1736,100000,800
1737,100000,1150
1738,100000,750
1739,100000,500
1740,100000,800
1741,100000,520
1742,100000,850
1743,100000,1000
1744,100000,1250
1745,100000,800
1746,100000,500
1747,100000,720
1748,100000,850
1749,100000,500
1750,100000,600
1751,100000,800
1752,100000,1000
1753,100000,600
1754,100000,800
1755,100000,700
1756,100000,1150
1757,100000,660
1758,100000,600
1759,100000,800
1760,100000,600
1761,100000,700
1762,100000,1040
1763,100000,500
1764,100000,1750
1765,100000,600
1766,100000,600
1767,100000,800
1768,100000,500
1769,100000,600
1770,100000,750
1771,100000,500
1772,100000,500
1773,100000,800
1774,100000,800
1775,100000,800
1776,100000,600
1777,2926912,3200
1778,100000,900
1779,100000,600
1780,100000,500
1781,100000,800
1782,100000,850
1783,100000,800
1784,100000,800
1785,100000,600
1786,100000,800
1787,100000,1000
1788,100000,750
1789,100000,600
1790,100000,600
1791,100000,800
1792,100000,840
1793,100000,600
1794,100000,500
1795,100000,550
1796,100000,500
1797,100000,600
1798,100000,710
1799,100000,1900
1800,100000,1100
1801,100000,500
1802,100000,850
1803,100000,2100
1804,100000,1350
1805,100000,600
1806,100000,1160
1807,100000,1500
1808,100000,500
1809,100000,900
1810,100000,600
1811,100000,850
1812,100000,500
1813,100000,500
1814,100000,600
1815,100000,500
1816,100000,800
1817,100000,600
1818,100000,550
1819,100000,800
1820,100000,500
1821,100000,700
1822,100000,650
1823,100000,500
1824,100000,600
1825,100000,550
1826,100000,2120
1827,100000,600
1828,100000,550
1829,100000,600
1830,100000,600
1831,100000,2550
1832,100000,600
1833,100000,800
1834,100000,600
1835,100000,1100
1836,100000,600
1837,100000,700
1838,100000,600
1839,100000,500
1840,100000,500
1841,100000,600
1842,100000,1600
1843,100000,700
1844,100000,600
1845,100000,2800
1846,100000,1150
1847,100000,880
1848,100000,500
1849,100000,1600
1850,100000,800
1851,100000,2100
1852,100000,2000
1853,100000,920
1854,100000,850
1855,100000,850
1856,100000,600
1857,100000,500
1858,100000,700
1859,100000,500
1860,100000,800
1861,100000,800
1862,100000,1500
1863,100000,1350
1864,100000,800
1865,100000,1100
1866,100000,500
1867,100000,600
1868,100000,900
1869,100000,1600
1870,100000,2000
1871,100000,1100
1872,100000,500
1873,100000,800
1874,100000,500
1875,100000,1400
1876,100000,500
1877,100000,800
1878,100000,1100
1879,100000,1150
1880,100000,1150
1881,100000,540
1882,100000,500
1883,100000,520
1884,100000,500
1885,100000,600
1886,100000,800
1887,100000,530
1888,100000,1100
1889,100000,600
1890,100000,500
1891,100000,850
1892,100000,700
1893,100000,1150
1894,100000,850
1895,100000,1100
1896,100000,840
1897,100000,800
1898,100000,600
1899,100000,600
1900,100000,800
1901,100000,2200
1902,100000,1350
1903,100000,500
1904,100000,800
1905,100000,2200
1906,100000,500
1907,100000,500
1908,100000,1650
1909,100000,800
1910,100000,1000
1911,100000,500
1912,100000,600
1913,100000,2000
1914,100000,750
1915,100000,500
1916,100000,1750
1917,100000,500
1918,100000,1100
1919,100000,1750
1920,100000,2000
1921,100000,700
1922,100000,700
1923,100000,2300
1924,100000,600
1925,100000,1400
1926,100000,500
1927,100000,540
1928,100000,800
1929,100000,600
1930,100000,500
1931,100000,800
1932,100000,500
1933,100000,850
1934,100000,850
1935,100000,500
1936,100000,1250
1937,100000,1500
1938,100000,600
1939,100000,800
1940,100000,600
1941,100000,500
1942,100000,900
1943,100000,2200
1944,100000,1750
1945,100000,600
1946,100000,1750
1947,100000,2120
1948,100000,500
1949,100000,800
1950,100000,550
1951,100000,700
1952,100000,550
1953,100000,500
1954,100000,1500
1955,100000,600
1956,100000,800
1957,100000,600
1958,100000,800
1959,100000,850
1960,100000,800
1961,100000,600
1962,100000,850
1963,100000,850
1964,100000,600
1965,100000,1500
1966,100000,800
1967,100000,550
1968,100000,1200
1969,100000,500
1970,100000,720
1971,100000,2000
1972,100000,800
1973,100000,1350
1974,100000,600
1975,100000,1950
1976,100000,550
1977,100000,850
1978,100000,600
1979,100000,500
1980,100000,600
1981,100000,800
1982,100000,1150
1983,100000,2000
1984,100000,540
1985,100000,2000
1986,100000,1100
1987,100000,850
1988,100000,1650
1989,100000,600
1990,100000,1100
1991,100000,600
1992,100000,1100
1993,100000,500
1994,100000,850
1995,100000,500
1996,100000,500
1997,100000,850
1998,100000,2050
1999,100000,1200
2000,100000,650
2001,100000,1200
2002,100000,600
2003,100000,1200
2004,100000,800
2005,100000,800
2006,100000,650
2007,100000,500
2008,100000,2300
2009,100000,1750
2010,100000,1500
2011,100000,800
2012,100000,800
2013,100000,600
2014,100000,600
2015,100000,500
2016,100000,1300
2017,100000,600
2018,2926912,3750
2019,100000,600
2020,100000,2000
2021,100000,1100
2022,100000,600
2023,100000,650
2024,100000,500
2025,100000,500
2026,100000,600
2027,100000,600
2028,100000,800
2029,100000,800
2030,100000,800
2031,100000,900
2032,100000,500
2033,100000,600
2034,100000,800
2035,100000,1050
2036,100000,600
2037,100000,550
2038,100000,500
2039,100000,600
2040,100000,600
2041,100000,520
2042,100000,2000
2043,100000,500
2044,100000,580
2045,100000,550
2046,100000,550
2047,100000,800
2048,100000,650
2049,100000,600
2050,100000,500
2051,100000,500
2052,100000,600
2053,100000,800
2054,100000,600
2055,100000,500
2056,2926912,3470
2057,100000,1200
2058,100000,500
2059,100000,1150
2060,100000,2300
2061,100000,550
2062,100000,600
2063,100000,600
2064,100000,1050
2065,100000,500
2066,100000,600
2067,100000,720
2068,100000,1750
2069,100000,700
2070,100000,600
2071,100000,1150
2072,100000,2200
2073,100000,500
2074,100000,600
2075,100000,800
2076,100000,1100
2077,100000,800
2078,100000,750
2079,100000,500
2080,100000,600
2081,100000,900
2082,100000,500
2083,100000,1500
2084,100000,600
2085,100000,1750
2086,100000,600
2087,100000,600
2088,100000,760
2089,100000,600
2090,100000,600
2091,100000,600
2092,100000,700
2093,100000,1000
2094,100000,500
2095,100000,1100
2096,100000,700
2097,100000,500
2098,100000,600
2099,100000,1900
2100,100000,500
2101,100000,1100
2102,100000,1500
2103,100000,1750
2104,100000,500
2105,100000,1100
2106,100000,1000
2107,100000,2300
2108,100000,800
2109,100000,600
2110,100000,500
2111,100000,640
2112,100000,800
2113,100000,600
2114,100000,2800
2115,100000,1460
2116,2926912,4000
2117,100000,500
2118,100000,550
2119,100000,1000
2120,100000,1500
2121,100000,500
2122,100000,800
2123,100000,600
2124,100000,500
2125,100000,1700
2126,100000,530
2127,100000,1100
2128,100000,550
2129,100000,800
2130,100000,600
2131,100000,800
2132,100000,720
2133,100000,800
2134,100000,500
2135,100000,600
2136,100000,520
2137,100000,500
2138,100000,600
2139,100000,500
2140,100000,1200
2141,100000,800
2142,100000,640
2143,100000,600
2144,100000,600
2145,100000,600
2146,100000,1100
2147,100000,600
2148,100000,1600
2149,100000,600
2150,100000,900
2151,100000,1320
2152,100000,2300
2153,100000,500
2154,100000,850
2155,100000,600
2156,100000,750
2157,100000,1870
2158,100000,1100
2159,100000,700
2160,100000,600
2161,100000,500
2162,100000,800
2163,100000,2000
2164,100000,600
2165,100000,1220
2166,100000,500
2167,100000,1260
2168,100000,1500
2169,100000,1100
2170,100000,600
2171,100000,500
2172,100000,650
2173,2926912,5600
2174,100000,600
2175,100000,2800
2176,100000,500
2177,100000,950
2178,100000,500
2179,100000,500
2180,100000,800
2181,100000,550
2182,100000,600
2183,100000,1130
2184,100000,1600
2185,100000,700
2186,100000,900
2187,100000,520
2188,100000,580
2189,100000,500
2190,100000,500
2191,100000,1250
2192,100000,500
2193,100000,720
2194,100000,1220
2195,100000,850
2196,100000,600
2197,100000,550
2198,100000,850
2199,100000,500
2200,100000,900
2201,100000,610
2202,100000,1100
2203,100000,600
2204,100000,700
2205,100000,600
2206,100000,500
2207,100000,930
2208,100000,500
2209,100000,500
2210,100000,1200
2211,100000,650
2212,100000,550
2213,100000,600
2214,100000,900
2215,100000,1220
2216,100000,600
2217,100000,1010
2218,100000,1550
2219,100000,600
2220,100000,1100
2221,100000,1250
2222,100000,1500
2223,100000,760
2224,100000,600
2225,100000,550
2226,100000,920
2227,100000,550
2228,100000,1600
2229,100000,600
2230,100000,500
2231,100000,800
2232,100000,600
2233,100000,650
2234,100000,500
2235,100000,750
2236,100000,700
2237,100000,500
2238,100000,600
2239,100000,800
2240,100000,2200
2241,100000,600
2242,100000,600
2243,100000,650
2244,100000,500
2245,100000,600
2246,100000,1350
2247,100000,600
2248,100000,500
2249,100000,850
2250,100000,500
2251,100000,600
2252,100000,1150
2253,100000,1400
2254,100000,2200
2255,100000,600
2256,100000,850
2257,100000,600
2258,100000,670
2259,100000,850
2260,100000,2000
2261,100000,1000
2262,100000,2350
2263,100000,1400
2264,100000,2100
2265,100000,600
2266,100000,800
2267,100000,950
2268,100000,500
2269,100000,1100
2270,100000,2000
2271,100000,500
2272,100000,2200
2273,100000,600
2274,100000,750
2275,100000,1200
2276,100000,600
2277,100000,500
2278,100000,800
2279,100000,550
2280,100000,600
2281,100000,720
2282,100000,700
2283,100000,1400
2284,100000,1200
2285,100000,900
2286,100000,500
2287,100000,600
2288,100000,1100
2289,100000,600
2290,100000,600
2291,100000,1500
2292,100000,600
2293,100000,600
2294,100000,600
2295,100000,600
2296,100000,800
2297,100000,600
2298,100000,600
2299,100000,650
2300,100000,540
2301,100000,850
2302,100000,600
2303,100000,1200
2304,100000,600
2305,100000,500
2306,100000,600
2307,100000,1100
2308,100000,500
2309,100000,1120
2310,100000,800
2311,100000,1600
2312,100000,800
2313,100000,1400
2314,100000,500
2315,100000,500
2316,100000,500
2317,100000,540
2318,100000,600
2319,100000,1200
2320,100000,600
2321,100000,550
2322,100000,600
2323,100000,700
2324,100000,700
2325,100000,700
2326,100000,700
2327,100000,500
2328,100000,1500
2329,100000,600
2330,100000,1500
2331,100000,500
2332,100000,600
2333,100000,550
2334,100000,2000
2335,100000,850
2336,100000,500
2337,100000,1100
2338,100000,500
2339,100000,900
2340,100000,600
2341,100000,500
2342,100000,640
2343,100000,600
2344,100000,740
2345,100000,540
2346,100000,550
2347,100000,600
2348,100000,750
2349,100000,850
2350,100000,1200
2351,100000,600
2352,100000,600
2353,100000,850
2354,100000,850
2355,100000,550
2356,100000,650
2357,100000,520
2358,100000,920
2359,100000,600
2360,100000,600
2361,100000,2000
2362,100000,800
2363,100000,620
2364,100000,800
2365,100000,1100
2366,100000,500
2367,100000,700
2368,100000,800
2369,100000,660
2370,100000,1700
2371,100000,600
2372,100000,800
2373,100000,1150
2374,100000,2160
2375,100000,1040
2376,100000,600
2377,100000,800
2378,100000,500
2379,100000,800
2380,100000,550
2381,100000,600
2382,100000,860
2383,100000,800
2384,100000,600
2385,100000,500
2386,100000,850
2387,100000,1000
2388,100000,1100
2389,100000,600
2390,100000,1050
2391,100000,1100
2392,100000,550
2393,100000,500
2394,100000,1140
2395,100000,900
2396,100000,2120
2397,100000,1050
2398,100000,800
2399,100000,1100
2400,100000,1600
2401,100000,600
2402,100000,600
2403,100000,500
2404,100000,800
2405,100000,800
2406,100000,650
2407,100000,850
2408,100000,600
2409,100000,600
2410,100000,800
2411,100000,600
2412,100000,660
2413,100000,2400
2414,100000,500
2415,100000,500
2416,100000,600
2417,100000,500
2418,100000,500
2419,100000,1150
2420,100000,2700
2421,2926912,3400
2422,100000,500
2423,100000,550
2424,100000,750
2425,100000,1120
2426,100000,800
2427,100000,1000
2428,2926912,3000
2429,100000,500
2430,100000,800
2431,100000,600
2432,100000,500
2433,100000,600
2434,100000,850
2435,100000,600
2436,100000,600
2437,100000,2000
2438,100000,570
2439,100000,2500
2440,100000,600
2441,100000,600
2442,100000,800
2443,100000,900
2444,100000,500
2445,100000,540
2446,100000,500
2447,100000,900
2448,100000,800
2449,100000,1750
2450,100000,500
2451,100000,1400
2452,100000,600
2453,100000,840
2454,100000,1400
2455,100000,1200
2456,100000,650
2457,100000,700
2458,100000,500
2459,100000,580
2460,100000,2550
2461,100000,1200
2462,100000,600
2463,100000,500
2464,100000,800
2465,100000,600
2466,100000,850
2467,100000,600
2468,100000,600
2469,100000,850
2470,100000,2000
2471,100000,1350
2472,100000,2000
2473,100000,700
2474,100000,800
2475,100000,900
2476,100000,630
2477,100000,850
2478,100000,1750
2479,100000,700
2480,100000,600
2481,100000,580
2482,100000,700
2483,100000,700
2484,100000,550
2485,100000,600
2486,100000,1000
2487,100000,550
2488,100000,2300
2489,100000,600
2490,100000,580
2491,100000,620
2492,100000,2000
2493,100000,600
2494,100000,850
2495,100000,1200
2496,100000,1100
2497,100000,750
2498,100000,1200
2499,100000,600
2500,100000,1000
2501,100000,580
2502,100000,1100
2503,100000,540
2504,100000,540
2505,100000,1750
2506,100000,800
2507,100000,1000
2508,100000,800
2509,100000,2000
2510,100000,550
2511,100000,2000
2512,100000,500
2513,100000,2400
2514,100000,760
2515,100000,1100
2516,100000,800
2517,100000,860
2518,100000,600
2519,100000,800
2520,100000,600
2521,100000,850
2522,100000,800
2523,2926912,4000
2524,100000,2300
2525,100000,600
2526,100000,500
2527,100000,1400
2528,100000,2100
2529,100000,1500
2530,100000,600
2531,100000,550
2532,100000,800
2533,100000,500
2534,100000,600
2535,100000,670
2536,100000,800
2537,100000,600
2538,100000,850
2539,100000,1450
2540,100000,630
2541,100000,800
2542,100000,1050
2543,100000,2300
2544,100000,550
2545,100000,780
2546,100000,500
2547,100000,800
2548,100000,600
2549,100000,850
2550,100000,850
2551,100000,800
2552,100000,600
2553,100000,1100
2554,100000,1150
2555,100000,2000
2556,100000,1250
2557,100000,800
2558,100000,600
2559,100000,600
2560,100000,500
2561,100000,1500
2562,100000,500
2563,100000,800
2564,100000,1000
2565,100000,600
2566,100000,800
2567,100000,600
2568,100000,700
2569,100000,1100
2570,100000,600
2571,100000,1100
2572,100000,2000
2573,100000,700
2574,100000,500
2575,100000,1750
2576,100000,1700
2577,100000,800
2578,100000,800
2579,100000,600
2580,100000,800
2581,100000,600
2582,100000,850
2583,100000,700
2584,100000,600
2585,100000,500
2586,100000,1000
2587,100000,1100
2588,100000,2000
2589,100000,1100
2590,100000,1550
2591,100000,600
2592,100000,800
2593,100000,800
2594,100000,2100
2595,100000,850
2596,100000,760
2597,100000,1100
2598,100000,1200
2599,100000,500
2600,100000,600
2601,100000,1790
2602,100000,960
2603,100000,2160
2604,100000,1050
2605,100000,1100
2606,100000,850
2607,100000,2000
2608,100000,1200
2609,100000,1200
2610,100000,600
2611,100000,2360
2612,100000,600
2613,100000,700
2614,100000,2000
2615,100000,640
2616,100000,800
2617,100000,600
2618,100000,500
2619,100000,600
2620,100000,1950
2621,100000,500
2622,100000,1300
2623,100000,550
2624,100000,600
2625,100000,1700
2626,100000,550
2627,100000,850
2628,100000,1150
2629,100000,600
2630,100000,1000
2631,100000,800
2632,100000,550
2633,100000,800
2634,100000,600
2635,100000,1100
2636,100000,1100
2637,100000,500
2638,100000,720
2639,100000,850
2640,100000,600
2641,100000,880
2642,100000,500
2643,100000,600
2644,100000,600
2645,100000,500
2646,100000,770
2647,100000,650
2648,100000,600
2649,100000,650
2650,100000,1100
2651,100000,600
2652,100000,600
2653,100000,600
2654,100000,600
2655,100000,600
2656,100000,550
2657,100000,1400
2658,100000,1200
2659,100000,600
2660,100000,600
2661,100000,600
2662,100000,1220
2663,100000,600
2664,100000,1500
2665,100000,800
2666,100000,600
2667,100000,850
2668,100000,600
2669,100000,1160
2670,100000,1150
2671,100000,800
2672,100000,850
2673,100000,800
2674,100000,600
2675,100000,600
2676,100000,2000
2677,100000,500
2678,100000,500
2679,100000,2300
2680,100000,970
2681,100000,800
2682,100000,800
2683,100000,1200
2684,100000,850
2685,100000,850
2686,100000,600
2687,100000,500
2688,100000,2300
2689,100000,500
2690,100000,500
2691,100000,600
2692,100000,650
2693,100000,2000
2694,100000,600
2695,100000,600
2696,100000,500
2697,100000,600
2698,100000,500
2699,100000,500
2700,100000,500
2701,100000,500
2702,100000,800
2703,100000,1150
2704,100000,1200
2705,100000,800
2706,100000,600
2707,100000,710
2708,100000,600
2709,100000,2860
2710,100000,600
2711,100000,500
2712,100000,500
2713,100000,1100
2714,100000,600
2715,100000,800
2716,100000,580
2717,100000,800
2718,100000,550
2719,100000,620
2720,100000,1150
2721,100000,1100
2722,100000,650
2723,100000,1200
2724,100000,640
2725,100000,920
2726,100000,660
2727,100000,850
2728,100000,2300
2729,100000,600
2730,100000,500
2731,100000,600
2732,2926912,3950
2733,100000,2300
2734,100000,1100
2735,100000,1730
2736,100000,650
2737,100000,1750
2738,100000,2000
2739,100000,500
2740,100000,600
2741,100000,800
2742,100000,500
2743,100000,500
2744,100000,550
2745,100000,1140
2746,100000,850
2747,100000,800
2748,100000,600
2749,100000,900
2750,100000,2800
2751,100000,1120
2752,100000,600
2753,100000,600
2754,100000,800
2755,100000,660
2756,100000,880
2757,100000,800
2758,100000,2120
2759,100000,600
2760,100000,500
2761,100000,1020
2762,100000,500
2763,100000,600
2764,100000,1160
2765,100000,600
2766,100000,1450
2767,100000,500
2768,100000,600
2769,100000,1000
2770,100000,500
2771,100000,600
2772,100000,500
2773,100000,600
2774,2926912,2950
2775,100000,500
2776,100000,500
2777,100000,720
2778,100000,1350
2779,100000,600
2780,100000,1600
2781,100000,1000
2782,100000,1500
2783,100000,500
2784,100000,2000
2785,100000,500
2786,100000,720
2787,100000,1200
2788,100000,800
2789,100000,650
2790,100000,2000
2791,100000,600
2792,100000,800
2793,100000,600
2794,100000,800
2795,100000,500
2796,100000,600
2797,100000,900
2798,100000,600
2799,100000,950
2800,100000,700
2801,100000,600
2802,100000,500
2803,100000,600
2804,100000,1100
2805,100000,1000
2806,100000,500
2807,100000,1100
2808,100000,1220
2809,100000,600
2810,100000,1250
2811,100000,600
2812,100000,750
2813,100000,600
2814,100000,500
2815,100000,500
2816,100000,600
2817,100000,850
2818,100000,800
2819,100000,2000
2820,100000,2000
2821,100000,1500
2822,100000,920
2823,100000,900
2824,100000,1430
2825,100000,800
2826,100000,640
2827,100000,550
2828,100000,700
2829,100000,800
2830,100000,500
2831,100000,2300
2832,100000,800
2833,100000,1500
2834,100000,2000
2835,100000,600
2836,100000,1150
2837,100000,500
2838,100000,1200
2839,100000,800
2840,100000,1200
2841,100000,750
2842,100000,600
2843,100000,850
2844,100000,750
2845,100000,820
2846,100000,500
2847,100000,1200
2848,100000,2000
2849,100000,850
2850,100000,600
2851,100000,660
2852,100000,850
2853,100000,800
2854,100000,1400
2855,100000,2150
2856,100000,850
2857,100000,810
2858,100000,650
2859,100000,500
2860,100000,500
2861,100000,700
2862,100000,600
2863,100000,1100
2864,100000,800
2865,100000,800
2866,100000,1500
2867,100000,550
2868,100000,800
2869,100000,1100
2870,100000,600
2871,100000,2300
2872,100000,800
2873,100000,500
2874,100000,600
2875,100000,2000
2876,100000,600
2877,100000,500
2878,100000,500
2879,100000,550
2880,100000,500
2881,100000,600
2882,100000,850
2883,100000,500
2884,100000,800
2885,100000,600
2886,100000,1200
2887,100000,600
2888,100000,650
2889,100000,950
2890,100000,1500
2891,100000,700
2892,100000,500
2893,100000,800
2894,100000,600
2895,100000,600
2896,100000,800
2897,100000,700
2898,100000,700
2899,100000,850
2900,100000,720
2901,100000,1000
2902,100000,800
2903,100000,850
2904,100000,800
2905,100000,600
2906,100000,600
2907,100000,900
2908,100000,600
2909,100000,750
2910,100000,1220
2911,100000,850
2912,2926912,4000
2913,100000,2250
2914,100000,850
2915,100000,500
2916,100000,500
2917,100000,850
2918,100000,800
2919,100000,500
2920,100000,600
2921,100000,600
2922,100000,500
2923,100000,600
2924,100000,600
2925,100000,500
2926,100000,700
2927,100000,800
2928,100000,550
2929,100000,920
2930,100000,600
2931,100000,550
2932,100000,500
2933,100000,850
2934,100000,600
2935,100000,800
2936,100000,800
2937,100000,1200
2938,100000,950
2939,100000,800
2940,100000,600
2941,100000,800
2942,100000,580
2943,100000,1000
2944,100000,550
2945,100000,1560
2946,100000,650
2947,100000,850
2948,100000,600
2949,100000,600
2950,100000,500
2951,100000,600
2952,100000,550
2953,100000,500
2954,100000,1250
2955,100000,1100
2956,100000,600
2957,100000,1100
2958,100000,600
2959,100000,520
2960,100000,1050
2961,100000,920
2962,100000,1750
2963,100000,2800
2964,100000,1100
2965,100000,500
2966,100000,1350
2967,100000,1900
2968,100000,2300
2969,100000,2000
2970,100000,1200
2971,100000,1200
2972,100000,800
2973,100000,600
2974,100000,500
2975,100000,1000
2976,100000,580
2977,100000,800
2978,100000,700
2979,100000,800
2980,100000,1500
2981,100000,600
2982,100000,550
2983,100000,2300
2984,100000,520
2985,100000,600
2986,100000,900
2987,100000,1080
2988,100000,1200
2989,100000,1460
2990,100000,500
2991,100000,2200
2992,100000,550
2993,100000,700
2994,100000,500
2995,100000,720
2996,100000,1200
2997,100000,650
2998,100000,600
2999,100000,500
3000,100000,1100
3001,100000,600
3002,100000,500
3003,100000,2000
3004,100000,800
3005,100000,800
3006,100000,700
3007,100000,1750
3008,100000,1200
3009,100000,700
3010,100000,600
3011,100000,800
3012,100000,800
3013,100000,500
3014,100000,1050
3015,100000,800
3016,100000,1100
3017,100000,500
3018,100000,1400
3019,100000,850
3020,100000,500
3021,100000,500
3022,100000,1750
3023,100000,600
3024,100000,600
3025,100000,600
3026,100000,600
3027,100000,1320
3028,100000,750
3029,100000,550
3030,100000,800
3031,100000,1000
3032,100000,500
3033,100000,600
3034,100000,600
3035,100000,500
3036,100000,550
3037,100000,750
3038,100000,1100
3039,100000,600
3040,100000,800
3041,100000,550
3042,100000,1100
3043,100000,600
3044,100000,850
3045,100000,1200
3046,100000,600
3047,100000,600
3048,100000,700
3049,100000,800
3050,100000,500
3051,100000,850
3052,100000,600
3053,100000,680
3054,100000,600
3055,100000,760
3056,100000,1050
3057,100000,1150
3058,100000,1000
3059,100000,500
3060,100000,1000
3061,100000,850
3062,100000,1100
3063,100000,800
3064,100000,500
3065,100000,1400
3066,100000,1700
3067,100000,550
3068,100000,600
3069,100000,1200
3070,100000,600
3071,100000,600
3072,100000,600
3073,2926912,3100
3074,100000,700
3075,100000,1200
3076,100000,650
3077,100000,550
3078,100000,500
3079,100000,500
3080,100000,1000
3081,100000,600
3082,100000,600
3083,100000,550
3084,100000,600
3085,100000,500
3086,100000,1100
3087,100000,900
3088,100000,700
3089,100000,900
3090,100000,700
3091,100000,1200
3092,100000,1600
3093,100000,1200
3094,100000,600
3095,100000,650
3096,100000,500
3097,100000,1200
3098,100000,800
3099,100000,2000
3100,100000,600
3101,100000,500
3102,100000,1100
3103,100000,800
3104,100000,600
3105,100000,1650
3106,100000,2400
3107,2926912,4000
3108,100000,800
3109,100000,500
3110,100000,1750
3111,100000,900
3112,100000,700
3113,100000,800
3114,100000,550
3115,100000,600
3116,100000,950
3117,100000,840
3118,100000,500
3119,100000,500
3120,100000,500
3121,100000,500
3122,100000,500
3123,100000,500
3124,100000,1500
3125,100000,700
3126,100000,600
3127,100000,800
3128,100000,540
3129,100000,600
3130,100000,500
3131,100000,600
3132,100000,600
3133,100000,1500
3134,100000,600
3135,100000,500
3136,100000,500
3137,100000,600
3138,100000,1200
3139,100000,800
3140,100000,600
3141,100000,600
3142,100000,1100
3143,100000,800
3144,100000,580
3145,100000,1040
3146,100000,850
3147,100000,500
3148,100000,500
3149,100000,1100
3150,100000,600
3151,100000,1100
3152,100000,600
3153,100000,500
3154,100000,550
3155,100000,1150
3156,100000,800
3157,100000,500
3158,100000,1200
3159,100000,800
3160,100000,550
3161,100000,2150
3162,100000,600
3163,100000,500
3164,100000,850
3165,100000,600
3166,100000,800
3167,100000,600
3168,100000,600
3169,100000,2300
3170,100000,600
3171,100000,550
3172,100000,2120
3173,100000,1300
3174,100000,1350
3175,100000,620
3176,100000,500
3177,100000,500
3178,100000,1100
3179,100000,700
3180,100000,730
3181,100000,550
3182,100000,2000
3183,100000,500
3184,100000,500
3185,100000,600
3186,100000,700
3187,100000,620
3188,100000,900
3189,100000,800
3190,100000,1180
3191,100000,800
3192,100000,500
3193,100000,800
3194,100000,1700
3195,100000,1100
3196,100000,1200
3197,100000,1750
3198,100000,500
3199,100000,800
3200,100000,650
3201,100000,1100
3202,100000,600
3203,100000,850
3204,100000,2120
3205,100000,600
3206,100000,1200
3207,100000,630
3208,100000,700
3209,100000,500
3210,100000,730
3211,100000,500
3212,100000,1100
3213,100000,780
3214,100000,550
3215,100000,850
3216,100000,720
3217,100000,600
3218,100000,620
3219,100000,700
3220,100000,600
3221,100000,800
3222,100000,1100
3223,100000,800
3224,100000,1150
3225,100000,600
3226,100000,500
3227,100000,800
3228,100000,700
3229,100000,500
3230,100000,800
3231,100000,600
3232,100000,850
3233,100000,800
3234,100000,500
3235,100000,500
3236,100000,1100
3237,100000,600
3238,100000,500
3239,100000,720
3240,100000,700
3241,100000,600
3242,100000,850
3243,100000,600
3244,100000,800
3245,100000,1250
3246,100000,600
3247,100000,520
3248,100000,550
3249,100000,550
3250,100000,700
3251,100000,1100
3252,100000,1100
3253,100000,850
3254,100000,600
3255,100000,600
3256,100000,800
3257,100000,600
3258,100000,1100
3259,100000,600
3260,100000,850
3261,100000,500
3262,100000,600
3263,100000,540
3264,100000,880
3265,100000,2300
3266,100000,1130
3267,100000,700
3268,100000,600
3269,100000,600
3270,100000,2360
3271,100000,650
3272,100000,850
3273,100000,1160
3274,100000,600
3275,100000,1300
3276,100000,600
3277,100000,700
3278,100000,600
3279,100000,850
3280,100000,660
3281,100000,1050
3282,100000,600
3283,100000,800
3284,100000,1500
3285,100000,600
3286,100000,550
3287,100000,500
3288,100000,500
3289,100000,600
3290,100000,580
3291,100000,1000
3292,100000,800
3293,100000,1200
3294,100000,1400
3295,100000,550
3296,100000,780
3297,100000,500
3298,100000,800
3299,100000,500
3300,100000,900
3301,100000,600
3302,100000,700
3303,100000,1100
3304,100000,700
3305,100000,600
3306,100000,500
3307,100000,1100
3308,100000,600
3309,100000,2800
3310,100000,650
3311,100000,1100
3312,100000,1200
3313,100000,1600
3314,100000,2000
3315,100000,800
3316,100000,600
3317,100000,750
3318,2926912,3100
3319,100000,1050
3320,100000,850
3321,100000,600
3322,100000,800
3323,100000,500
3324,100000,500
3325,100000,850
3326,100000,700
3327,100000,500
3328,100000,2800
3329,100000,1000
3330,100000,500
3331,100000,670
3332,100000,1800
3333,100000,600
3334,100000,2000
3335,100000,800
3336,100000,500
3337,100000,1500
3338,100000,800
3339,100000,600
3340,100000,2350
3341,100000,550
3342,100000,800
3343,100000,2100
3344,100000,550
3345,100000,610
3346,100000,500
3347,100000,500
3348,100000,500
3349,100000,1880
3350,100000,500
3351,100000,1050
3352,100000,600
3353,100000,930
3354,100000,600
3355,100000,600
3356,100000,600
3357,100000,830
3358,100000,600
3359,100000,600
3360,100000,2300
3361,100000,800
3362,100000,1000
3363,100000,500
3364,100000,800
3365,100000,700
3366,100000,800
3367,100000,540
3368,100000,800
3369,100000,550
3370,100000,2120
3371,100000,2800
3372,100000,850
3373,100000,600
3374,100000,600
3375,100000,500
3376,100000,500
3377,100000,550
3378,100000,550
3379,100000,1500
3380,100000,600
3381,100000,2000
3382,100000,1100
3383,100000,600
3384,100000,800
3385,100000,850
3386,100000,750
3387,100000,600
3388,100000,1100
3389,100000,700
3390,100000,1600
3391,100000,800
3392,100000,550
3393,100000,700
3394,100000,800
3395,100000,500
3396,100000,500
3397,100000,600
3398,100000,600
3399,100000,700
3400,100000,700
3401,100000,1150
3402,100000,2250
3403,100000,600
3404,100000,1500
3405,100000,500
3406,100000,1500
3407,100000,800
3408,100000,600
3409,100000,800
3410,100000,1200
3411,100000,500
3412,100000,620
3413,100000,1200
3414,100000,2000
3415,100000,1950
3416,100000,700
3417,100000,800
3418,100000,1500
3419,100000,1200
3420,100000,2500
3421,100000,600
3422,100000,540
3423,100000,1160
3424,100000,500
3425,100000,2300
3426,100000,570
3427,100000,800
3428,100000,500
3429,100000,520
3430,100000,600
3431,100000,500
3432,100000,800
3433,100000,700
3434,100000,850
3435,100000,500
3436,100000,550
3437,100000,920
3438,100000,670
3439,100000,1200
3440,100000,550
3441,100000,720
3442,100000,500
3443,100000,500
3444,100000,750
3445,100000,1050
3446,100000,500
3447,100000,900
3448,100000,600
3449,100000,600
3450,100000,500
3451,100000,530
3452,100000,500
3453,100000,600
3454,100000,500
3455,100000,1500
3456,100000,600
3457,100000,800
3458,100000,550
3459,100000,600
3460,100000,800
3461,100000,1200
3462,100000,560
3463,100000,1900
3464,100000,1600
3465,100000,500
3466,100000,550
3467,100000,500
3468,100000,500
3469,100000,1600
3470,100000,550
3471,100000,550
3472,100000,500
3473,100000,1500
3474,100000,1250
3475,100000,1090
3476,100000,1230
3477,100000,800
3478,100000,700
3479,100000,800
3480,100000,1800
3481,100000,1100
3482,100000,700
3483,100000,600
3484,100000,600
3485,100000,650
3486,100000,600
3487,100000,600
3488,100000,1200
3489,100000,500
3490,100000,900
3491,100000,600
3492,100000,500
3493,100000,700
3494,100000,600
3495,100000,600
3496,100000,600
3497,100000,1500
3498,100000,600
3499,100000,550
3500,100000,750
3501,100000,500
3502,100000,2200
3503,100000,1620
3504,100000,1250
3505,100000,1160
3506,100000,500
3507,100000,670
3508,100000,800
3509,100000,2600
3510,100000,600
3511,100000,800
3512,100000,720
3513,100000,600
3514,100000,800
3515,100000,1200
3516,100000,650
3517,100000,600
3518,100000,650
3519,100000,770
3520,100000,600
3521,100000,800
3522,100000,500
3523,100000,1400
3524,100000,500
3525,100000,2000
3526,100000,600
3527,100000,1300
3528,100000,600
3529,100000,500
3530,100000,600
3531,100000,800
3532,100000,800
3533,100000,800
3534,100000,600
3535,100000,2860
3536,100000,800
3537,100000,1200
3538,100000,1300
3539,100000,800
3540,100000,550
3541,100000,800
3542,100000,1050
3543,100000,580
3544,100000,600
3545,100000,1100
3546,100000,600
3547,100000,1200
3548,100000,600
3549,100000,700
3550,100000,500
3551,100000,950
3552,100000,780
3553,100000,550
3554,100000,740
3555,100000,600
3556,100000,650
3557,100000,600
3558,100000,500
3559,100000,1100
3560,100000,2300
3561,100000,800
3562,100000,2300
3563,100000,800
3564,100000,2300
3565,100000,750
3566,100000,600
3567,100000,600
3568,100000,500
3569,100000,800
3570,100000,1100
3571,100000,600
3572,100000,1500
3573,100000,600
3574,100000,500
3575,100000,1750
3576,100000,500
3577,100000,1600
3578,100000,600
3579,100000,550
3580,100000,500
3581,100000,550
3582,100000,600
3583,100000,850
3584,100000,800
3585,100000,550
3586,100000,1100
3587,100000,880
3588,100000,500
3589,100000,1650
3590,100000,600
3591,100000,740
3592,100000,600
3593,100000,500
3594,100000,1600
3595,100000,1140
3596,100000,1550
3597,100000,850
3598,100000,500
3599,100000,500
3600,100000,800
3601,100000,500
3602,100000,500
3603,100000,1400
3604,100000,500
3605,100000,600
3606,100000,600
3607,100000,550
3608,100000,500
3609,100000,800
3610,100000,600
3611,100000,600
3612,100000,800
3613,100000,600
3614,100000,800
3615,100000,2300
3616,100000,500
3617,100000,1130
3618,100000,570
3619,100000,500
3620,100000,700
3621,100000,500
3622,100000,500
3623,100000,500
3624,100000,800
3625,100000,1400
3626,100000,850
3627,100000,500
3628,100000,800
3629,100000,540
3630,100000,600
3631,100000,1100
3632,100000,600
3633,100000,1600
3634,100000,500
3635,100000,600
3636,100000,2300
3637,100000,1100
3638,100000,2450
3639,100000,2500
3640,100000,800
3641,100000,600
3642,100000,1250
3643,100000,1500
3644,100000,500
3645,100000,1500
3646,100000,600
3647,100000,2200
3648,100000,500
3649,100000,750
3650,100000,1250
3651,100000,800
3652,100000,800
3653,100000,540
3654,100000,800
3655,100000,1150
3656,100000,1750
3657,100000,2000
3658,100000,600
3659,100000,800
3660,100000,1400
3661,100000,500
3662,100000,820
3663,100000,600
3664,100000,500
3665,100000,800
3666,100000,660
3667,100000,600
3668,100000,900
3669,100000,600
3670,100000,550
3671,100000,2000
3672,100000,1100
3673,100000,660
3674,100000,600
3675,100000,1200
3676,100000,500
3677,100000,500
3678,100000,500
3679,100000,1000
3680,100000,600
3681,100000,700
3682,100000,500
3683,100000,800
3684,100000,1150
3685,100000,600
3686,100000,500
3687,100000,500
3688,100000,800
3689,100000,600
3690,100000,800
3691,100000,750
3692,100000,600
3693,100000,1200
3694,100000,800
3695,100000,600
3696,100000,500
3697,100000,600
3698,100000,500
3699,100000,600
3700,100000,600
3701,100000,2000
3702,100000,900
3703,100000,1100
3704,100000,1500
3705,100000,600
3706,100000,670
3707,100000,600
3708,100000,500
3709,100000,800
3710,100000,2300
3711,100000,800
3712,100000,600
3713,100000,800
3714,100000,600
3715,100000,800
3716,100000,1500
3717,100000,600
3718,100000,700
3719,100000,800
3720,100000,500
3721,100000,600
3722,100000,920
3723,100000,550
3724,100000,500
3725,100000,800
3726,100000,900
3727,100000,500
3728,100000,500
3729,100000,1750
3730,100000,500
3731,100000,1200
3732,100000,600
3733,100000,2000
3734,100000,600
3735,100000,2500
3736,100000,1000
3737,100000,1020
3738,100000,1220
3739,100000,1150
3740,100000,600
3741,100000,1450
3742,100000,500
3743,100000,540
3744,100000,600
3745,100000,600
3746,100000,1000
3747,100000,600
3748,100000,1120
3749,100000,800
3750,100000,650
3751,100000,800
3752,100000,500
3753,100000,600
3754,100000,1050
3755,100000,1700
3756,100000,600
3757,100000,800
3758,100000,850
3759,100000,600
3760,100000,500
3761,100000,2500
3762,100000,600
3763,100000,2300
3764,100000,800
3765,100000,500
3766,100000,600
3767,100000,700
3768,100000,1900
3769,100000,1500
3770,100000,1750
3771,100000,1150
3772,100000,1500
3773,100000,1150
3774,100000,500
3775,100000,720
3776,100000,500
3777,100000,600
3778,100000,750
3779,100000,1100
3780,100000,1600
3781,100000,550
3782,100000,550
3783,100000,600
3784,100000,2200
3785,100000,900
3786,100000,1200
3787,100000,600
3788,100000,860
3789,100000,1060
3790,100000,800
3791,100000,1150
3792,100000,900
3793,100000,550
3794,100000,500
3795,100000,550
3796,100000,600
3797,100000,1750
3798,100000,2200
3799,100000,2000
3800,100000,700
3801,100000,1600
3802,100000,1100
3803,100000,700
3804,100000,600
3805,100000,700
3806,100000,600
3807,100000,1200
3808,100000,500
3809,100000,1200
3810,100000,500
3811,100000,850
3812,100000,1150
3813,100000,1200
3814,100000,500
3815,100000,600
3816,100000,600
3817,100000,2000
3818,100000,800
3819,100000,600
3820,100000,800
3821,100000,600
3822,100000,800
3823,100000,550
3824,100000,600
3825,100000,600
3826,100000,800
3827,100000,1160
3828,100000,1000
3829,100000,780
3830,100000,2000
3831,100000,800
3832,100000,600
3833,100000,1000
3834,100000,2300
3835,100000,800
3836,100000,600
3837,100000,800
3838,100000,800
3839,100000,1480
3840,100000,800
3841,100000,500
3842,100000,800
3843,100000,500
3844,100000,600
3845,100000,600
3846,100000,600
3847,100000,500
3848,100000,600
3849,100000,600
3850,100000,1200
3851,100000,800
3852,100000,1700
3853,100000,1500
3854,100000,500
3855,100000,600
3856,100000,850
3857,100000,600
3858,100000,750
3859,100000,500
3860,100000,500
3861,100000,850
3862,100000,1100
3863,100000,520
3864,100000,2000
3865,100000,800
3866,100000,1100
3867,100000,1100
3868,100000,500
3869,100000,700
3870,100000,600
3871,100000,650
3872,100000,800
3873,100000,660
3874,100000,850
3875,100000,900
3876,100000,800
3877,100000,600
3878,100000,600
3879,100000,950
3880,100000,680
3881,100000,500
3882,100000,500
3883,100000,2300
3884,100000,1050
3885,100000,600
3886,100000,2050
3887,100000,600
3888,100000,800
3889,100000,600
3890,100000,2000
3891,100000,550
3892,100000,660
3893,100000,850
3894,100000,1100
3895,100000,1100
3896,100000,600
3897,100000,700
3898,100000,2000
3899,100000,1160
3900,100000,1050
3901,100000,850
3902,100000,500
3903,100000,500
3904,100000,600
3905,100000,1100
3906,100000,550
3907,100000,500
3908,100000,820
3909,100000,850
3910,100000,1550
3911,100000,600
3912,100000,750
3913,100000,600
3914,100000,850
3915,100000,680
3916,100000,760
3917,100000,600
3918,100000,700
3919,100000,500
3920,100000,1100
3921,100000,1000
3922,100000,1500
3923,100000,650
3924,100000,510
3925,100000,850
3926,100000,1100
3927,100000,1100
3928,100000,550
3929,100000,600
3930,100000,1200
3931,100000,500
3932,100000,500
3933,100000,880
3934,100000,1200
3935,100000,600
3936,100000,550
3937,100000,550
3938,100000,800
3939,100000,680
3940,100000,500
3941,100000,960
3942,100000,1200
3943,100000,1200
3944,100000,1000
3945,100000,600
3946,100000,800
3947,100000,1100
3948,100000,600
3949,100000,580
3950,100000,700
3951,100000,700
3952,100000,500
3953,100000,600
3954,100000,500
3955,100000,600
3956,100000,800
3957,100000,1100
3958,100000,500
3959,100000,550
3960,100000,850
3961,100000,1200
3962,100000,600
3963,100000,600
3964,100000,1220
3965,100000,500
3966,100000,1750
3967,100000,2000
3968,100000,800
3969,100000,500
3970,100000,1100
3971,100000,500
3972,100000,1180
3973,100000,600
3974,100000,1750
3975,100000,600
3976,100000,1000
3977,100000,1100
3978,100000,500
3979,100000,1100
3980,100000,900
3981,100000,800
3982,100000,600
3983,100000,900
3984,100000,1500
3985,100000,2800
3986,100000,600
3987,100000,750
3988,100000,560
3989,100000,1500
3990,100000,500
3991,100000,2360
3992,100000,850
3993,100000,600
3994,100000,680
3995,100000,1000
3996,100000,600
3997,100000,900
3998,100000,600
3999,100000,600
4000,100000,800
4001,2926912,20000
4002,2926912,20000
4003,2926912,20000
4004,2926912,20000
4005,2926912,20000
4006,2926912,20000
4007,2926912,20000
4008,2926912,20000
4009,2926912,20000
4010,2926912,20000
4011,2926912,20000
4012,2926912,20000
4013,2926912,20000
4014,2926912,20000
4015,2926912,20000
